config_id,selected_by_validation,validation_mae_pp,n,mae_pp,rmse_pp,sign_accuracy,balanced_sign_accuracy,up_recall,down_recall,actual_up_rate,correlation,brier,coverage,matched_n,fallback_n,matched_mae_pp,matched_baseline_mae_pp
w060_threshold_0.98_mean,True,10.352706978808232,166,23.59895171194681,31.945873700267374,0.8012048192771084,0.7031221303948577,0.9173553719008265,0.4888888888888889,0.7289156626506024,0.30043563520787286,0.2227310213323533,0.26506024096385544,44,122,18.784026535569996,20.27814465188678
w100_threshold_0.98_mean,False,10.396689899048525,166,23.84796920029771,32.19337879387072,0.7289156626506024,0.5,1.0,0.0,0.7289156626506024,0.052755728753685886,0.22670741350819956,0.024096385542168676,4,162,15.387878677923766,21.48895219084595
w100_threshold_0.98_median,False,10.396689899048525,166,23.93265014210052,32.24050277118153,0.7289156626506024,0.5,1.0,0.0,0.7289156626506024,0.036352814105773616,0.22670741350819956,0.024096385542168676,4,162,18.902137762740264,21.48895219084595
w060_threshold_0.98_median,False,10.409526150212823,166,23.657475037946426,32.04911845720226,0.8012048192771084,0.7031221303948577,0.9173553719008265,0.4888888888888889,0.7289156626506024,0.2520128408132186,0.2227310213323533,0.26506024096385544,44,122,19.00481908365947,20.27814465188678
w010_threshold_0.98_mean,False,10.532524066759668,166,24.06380184910742,31.961529004660594,0.7168674698795181,0.4987144168962351,0.9752066115702479,0.022222222222222223,0.7289156626506024,0.08287452498750777,0.23461213479430304,0.3433734939759036,57,109,31.007924498201934,30.807504749943654
w060_threshold_0.95_mean,False,10.57366579770203,166,23.20051369174504,31.803524912884633,0.6927710843373494,0.6496786042240588,0.743801652892562,0.5555555555555556,0.7289156626506024,0.22593275572138338,0.24040166431008125,0.9879518072289156,164,2,22.660310927897807,23.464468906382155
w020_threshold_0.98_mean,False,10.608717757202928,166,23.15093462021144,31.916817171572454,0.6927710843373494,0.47520661157024796,0.9504132231404959,0.0,0.7289156626506024,0.055554272669595485,0.23118349820135603,0.24096385542168675,40,126,28.933431427198776,32.43623228584903
w060_threshold_0.95_median,False,10.619420236270559,166,24.23345144479464,32.48604991849236,0.608433734939759,0.57089072543618,0.6528925619834711,0.4888888888888889,0.7289156626506024,0.1646573394515903,0.24040166431008125,0.9879518072289156,164,2,23.705845482813878,23.464468906382155
w020_threshold_0.98_median,False,10.634810080259971,166,23.972332819190566,32.5636409378591,0.6506024096385542,0.4462809917355372,0.8925619834710744,0.0,0.7289156626506024,-0.07058400178468395,0.23118349820135603,0.24096385542168675,40,126,32.34223395296214,32.43623228584903
w010_threshold_0.98_median,False,10.654545866054697,166,24.353137847481825,32.319900590190755,0.6686746987951807,0.47961432506887053,0.8925619834710744,0.06666666666666667,0.7289156626506024,0.024478110031472336,0.23461213479430304,0.3433734939759036,57,109,31.85055214259056,30.807504749943654
w060_top_10_mean,False,10.710388830207878,166,24.184018364089297,33.21452545848954,0.6566265060240963,0.6318640955004591,0.6859504132231405,0.5777777777777777,0.7289156626506024,-0.046253717345288235,0.2398343373493976,1.0,166,0,24.184018364089297,23.994983019886195
w020_threshold_0.95_mean,False,10.761220201288586,166,24.66592806669311,33.35071715085615,0.6445783132530121,0.49100091827364556,0.8264462809917356,0.15555555555555556,0.7289156626506024,-0.22794349386859927,0.2679270045981908,0.8253012048192772,137,29,27.5666863023167,26.75371639158717
w010_threshold_0.95_mean,False,10.765249511673737,166,24.71058562184189,32.90424058131761,0.6385542168674698,0.45895316804407715,0.8512396694214877,0.06666666666666667,0.7289156626506024,-0.10290164803665514,0.25872102272690245,0.8313253012048193,138,28,25.286441963615104,24.42564463082783
w060_top_10_median,False,10.842122673865624,166,24.957334748912,33.95134150531965,0.608433734939759,0.57089072543618,0.6528925619834711,0.4888888888888889,0.7289156626506024,-0.172298360601545,0.2398343373493976,1.0,166,0,24.957334748912,23.994983019886195
w010_top_10_mean,False,10.843539073757915,166,24.10948311770996,31.997838450629946,0.6626506024096386,0.5243342516069789,0.8264462809917356,0.2222222222222222,0.7289156626506024,0.10176327316589777,0.24284638554216867,1.0,166,0,24.10948311770996,23.994983019886195
w020_threshold_0.95_median,False,10.846350619794622,166,25.17045720034948,33.99923915528037,0.572289156626506,0.5112029384756658,0.6446280991735537,0.37777777777777777,0.7289156626506024,-0.2132230005594633,0.2679270045981908,0.8253012048192772,137,29,28.178013573754356,26.75371639158717
w010_threshold_0.90_mean,False,10.886535663258567,166,24.442487202339688,32.55168895957729,0.6867469879518072,0.498989898989899,0.9090909090909091,0.08888888888888889,0.7289156626506024,-0.022329391307928336,0.24594128828692463,0.9879518072289156,164,2,24.144956392771192,23.691994842239
w010_top_5_mean,False,10.939907474809488,166,23.621861157234157,31.30954802292291,0.6566265060240963,0.54811753902663,0.7851239669421488,0.3111111111111111,0.7289156626506024,0.19269047272376164,0.24182444061962136,1.0,166,0,23.621861157234157,23.994983019886195
w010_threshold_0.90_median,False,10.963946126621583,166,24.985217002445808,32.80054113121039,0.5783132530120482,0.4804407713498623,0.6942148760330579,0.26666666666666666,0.7289156626506024,0.09139722319216868,0.24594128828692463,0.9879518072289156,164,2,24.694304848976163,23.691994842239
w010_threshold_0.95_median,False,10.99623066348387,166,25.174001749901404,32.99421830759396,0.5662650602409639,0.47217630853994486,0.6776859504132231,0.26666666666666666,0.7289156626506024,0.011442942293809313,0.25872102272690245,0.8313253012048193,138,28,25.843884552440326,24.42564463082783
w100_threshold_0.95_median,False,11.006418672326003,166,24.546423216286154,32.79130800738936,0.6506024096385542,0.5858585858585859,0.7272727272727273,0.4444444444444444,0.7289156626506024,0.09873780580569555,0.23632765183822033,0.9156626506024096,152,14,25.91445707056016,25.312226329754957
w010_top_10_median,False,11.014998825344476,166,24.788345889968237,32.52340591435939,0.572289156626506,0.47630853994490363,0.6859504132231405,0.26666666666666666,0.7289156626506024,0.09819290054731106,0.24284638554216867,1.0,166,0,24.788345889968237,23.994983019886195
w010_top_5_median,False,11.027595499427163,166,24.410848358702843,31.689042220222525,0.5963855421686747,0.520752984389348,0.6859504132231405,0.35555555555555557,0.7289156626506024,0.1894981868948899,0.24182444061962136,1.0,166,0,24.410848358702843,23.994983019886195
w060_top_3_mean,False,11.036642818934794,166,23.269888229783188,32.012756932315725,0.6566265060240963,0.6388429752066116,0.6776859504132231,0.6,0.7289156626506024,0.17900074921348574,0.2602409638554217,1.0,166,0,23.269888229783188,23.994983019886195
w060_threshold_0.90_mean,False,11.046719743081983,166,24.07305887208896,33.21625212290675,0.6024096385542169,0.5667584940312212,0.6446280991735537,0.4888888888888889,0.7289156626506024,-0.07063301554373642,0.2422159633709141,1.0,166,0,24.07305887208896,23.994983019886195
w060_top_3_median,False,11.105410856366213,166,23.974746565123958,32.37631456580682,0.5783132530120482,0.5711662075298439,0.5867768595041323,0.5555555555555556,0.7289156626506024,0.16525905410183836,0.2602409638554217,1.0,166,0,23.974746565123958,23.994983019886195
w100_threshold_0.95_mean,False,11.109867935604541,166,22.49771572212331,30.177344233942883,0.7951807228915663,0.6920110192837465,0.9173553719008265,0.4666666666666667,0.7289156626506024,0.46321094490029124,0.23632765183822033,0.9156626506024096,152,14,23.677052833513894,25.312226329754957
w020_top_10_mean,False,11.120643555823175,166,23.750707126659275,32.71071640426854,0.6807228915662651,0.5227731864095501,0.8677685950413223,0.17777777777777778,0.7289156626506024,-0.12708680839156966,0.25104585006693436,1.0,166,0,23.750707126659275,23.994983019886195
w020_top_10_median,False,11.132562732691547,166,24.573025569198137,33.22714199919897,0.608433734939759,0.5080808080808081,0.7272727272727273,0.28888888888888886,0.7289156626506024,-0.09044936627572334,0.25104585006693436,1.0,166,0,24.573025569198137,23.994983019886195
w020_threshold_0.90_mean,False,11.136509533230354,166,24.578079179119342,32.968475364539614,0.6566265060240963,0.47134986225895315,0.8760330578512396,0.06666666666666667,0.7289156626506024,-0.21186399244417564,0.2811199400635811,1.0,166,0,24.578079179119342,23.994983019886195
w020_threshold_0.90_median,False,11.167506164249989,166,25.495050253544964,33.77785948401812,0.5180722891566265,0.4670339761248852,0.5785123966942148,0.35555555555555557,0.7289156626506024,-0.16393496637015573,0.2811199400635811,1.0,166,0,25.495050253544964,23.994983019886195
w060_threshold_0.90_median,False,11.186899570832452,166,24.801141467475404,33.90906867367175,0.5662650602409639,0.5210284664830119,0.6198347107438017,0.4222222222222222,0.7289156626506024,-0.18722634649235317,0.2422159633709141,1.0,166,0,24.801141467475404,23.994983019886195
w060_top_5_mean,False,11.329619808666088,166,23.388359710073953,32.45351977528724,0.6686746987951807,0.6261707988980716,0.71900826446281,0.5333333333333333,0.7289156626506024,0.11222251159847536,0.25043029259896726,1.0,166,0,23.388359710073953,23.994983019886195
w020_top_5_mean,False,11.4272319378424,166,23.859018025076615,32.885672872001024,0.5963855421686747,0.4649219467401286,0.7520661157024794,0.17777777777777778,0.7289156626506024,-0.09081986512636155,0.24403737398573885,1.0,166,0,23.859018025076615,23.994983019886195
w010_top_3_mean,False,11.495647367751616,166,24.42074465076515,31.668282039159397,0.5843373493975904,0.4775941230486685,0.7107438016528925,0.24444444444444444,0.7289156626506024,0.14358244680798718,0.26506024096385544,1.0,166,0,24.42074465076515,23.994983019886195
w020_top_5_median,False,11.513385915803598,166,24.122657353829588,33.50213227941647,0.608433734939759,0.5499540863177227,0.6776859504132231,0.4222222222222222,0.7289156626506024,-0.09923232070726297,0.24403737398573885,1.0,166,0,24.122657353829588,23.994983019886195
w060_top_5_median,False,11.51423590319887,166,24.40973658066597,33.28219645513837,0.5843373493975904,0.582277318640955,0.5867768595041323,0.5777777777777777,0.7289156626506024,0.029868171582438856,0.25043029259896726,1.0,166,0,24.40973658066597,23.994983019886195
w010_top_3_median,False,11.644856462291267,166,24.43362063743171,31.305261919717726,0.5662650602409639,0.4861340679522498,0.6611570247933884,0.3111111111111111,0.7289156626506024,0.21345496547017778,0.26506024096385544,1.0,166,0,24.43362063743171,23.994983019886195
w020_top_3_mean,False,11.652411519829815,166,24.460864026518124,33.341122707248005,0.6325301204819277,0.5176308539944904,0.768595041322314,0.26666666666666666,0.7289156626506024,-0.0806773987189523,0.2580722891566265,1.0,166,0,24.460864026518124,23.994983019886195
w100_threshold_0.90_mean,False,11.821510007222336,166,22.762364863171022,30.723052116258216,0.8012048192771084,0.7031221303948577,0.9173553719008265,0.4888888888888889,0.7289156626506024,0.4580266341283503,0.2510499277787424,1.0,166,0,22.762364863171022,23.994983019886195
w100_threshold_0.90_median,False,11.848514035686067,166,25.09689606830995,33.36070224421655,0.5180722891566265,0.4879706152433425,0.5537190082644629,0.4222222222222222,0.7289156626506024,-0.02401412757006426,0.2510499277787424,1.0,166,0,25.09689606830995,23.994983019886195
w100_top_10_mean,False,12.087853461887653,166,24.13297421566288,32.31274720565626,0.7590361445783133,0.6881542699724518,0.8429752066115702,0.5333333333333333,0.7289156626506024,0.3398410789546725,0.282624644583845,1.0,166,0,24.13297421566288,23.994983019886195
w100_top_10_median,False,12.111389064708117,166,26.106658164574338,34.277622467476796,0.41566265060240964,0.4595959595959596,0.36363636363636365,0.5555555555555556,0.7289156626506024,-0.08935103537481763,0.282624644583845,1.0,166,0,26.106658164574338,23.994983019886195
w020_top_3_median,False,12.126163318483664,166,24.904884586753408,33.65302246282928,0.608433734939759,0.5359963269054178,0.6942148760330579,0.37777777777777777,0.7289156626506024,-0.12192797978754748,0.2580722891566265,1.0,166,0,24.904884586753408,23.994983019886195
w100_top_3_mean,False,12.282772961478832,166,21.826825248806866,29.671288704151255,0.7650602409638554,0.6643709825528008,0.8842975206611571,0.4444444444444444,0.7289156626506024,0.29090056371889467,0.23879518072289158,1.0,166,0,21.826825248806866,23.994983019886195
w100_top_3_median,False,12.362440517803165,166,23.585249315577432,31.419216016724295,0.6265060240963856,0.5623507805325987,0.7024793388429752,0.4222222222222222,0.7289156626506024,0.17572841894690874,0.23879518072289158,1.0,166,0,23.585249315577432,23.994983019886195
w100_top_5_median,False,12.422983343137387,166,24.75800174896268,32.79200922174434,0.6325301204819277,0.5595041322314049,0.71900826446281,0.4,0.7289156626506024,0.03945242073764341,0.21846569953282516,1.0,166,0,24.75800174896268,23.994983019886195
w100_top_5_mean,False,12.502339724446307,166,21.380664160723665,29.12517284732991,0.8132530120481928,0.7183654729109274,0.9256198347107438,0.5111111111111111,0.7289156626506024,0.5660652327090533,0.21846569953282516,1.0,166,0,21.380664160723665,23.994983019886195
