qi,signal_date,outcome_date,prediction,actual_return,used_pattern,neighbor_count
19,2026-01-29,2026-03-04,0.03447706975662841,-0.013937282229965153,False,0
22,2026-02-03,2026-03-09,0.03447706975662841,-0.0782800441014333,False,0
36,2026-02-26,2026-03-27,0.03447706975662841,-0.16105550500454957,False,2
101,2026-06-04,2026-07-02,0.03447706975662841,-0.04830287206266315,False,2
121,2026-07-02,2026-07-31,0.011550839306377625,-0.21444901691815277,True,4
122,2026-07-03,2026-08-03,0.021313446577764017,-0.35381443298969073,True,4
123,2026-07-06,2026-08-04,0.010607768870804982,-0.32693128467776356,True,3
124,2026-07-07,2026-08-05,0.06514926962590269,-0.24216265333939113,True,3
125,2026-07-08,2026-08-06,0.11872988263281492,-0.27986512524084783,True,3
126,2026-07-09,2026-08-07,0.12524198281300478,-0.3494967978042086,True,3
127,2026-07-10,2026-08-10,0.12980116959064328,-0.3486238532110092,True,3
128,2026-07-13,2026-08-11,0.03447706975662841,-0.22764227642276424,False,2
129,2026-07-14,2026-08-12,0.03447706975662841,-0.21380031364349195,False,1
130,2026-07-15,2026-08-13,0.03447706975662841,-0.23487031700288186,False,1
131,2026-07-16,2026-08-14,0.03447706975662841,-0.10694896851248648,False,1
132,2026-07-20,2026-08-18,0.03447706975662841,-0.05782312925170063,False,0
133,2026-07-21,2026-08-19,0.03447706975662841,-0.18300653594771243,False,0
134,2026-07-22,2026-08-20,0.03447706975662841,-0.07595628415300548,False,0
135,2026-07-23,2026-08-21,0.03447706975662841,-0.09848879624804585,False,0
136,2026-07-24,2026-08-24,0.03447706975662841,-0.05002842524161455,False,0
137,2026-07-27,2026-08-25,0.03447706975662841,-0.07599118942731276,False,0
141,2026-07-31,2026-08-31,0.03447706975662841,-0.025611175785797413,False,0
144,2026-08-05,2026-09-03,0.03447706975662841,-0.043165467625899234,False,0
